"x","y","c"
-0.719026734963097,0.407542928430186,1
-0.831852841101624,0.23953242894659,1
-0.828822239135119,0.411268621758492,1
-0.619713280726262,0.529683034942419,1
-0.645788397938672,0.614374717462431,1
-0.879852523251822,0.334490311108061,1
-1.00693569999879,0.450839747605998,1
-0.825869249180655,0.298657241674293,1
-0.745618454026134,0.376465245314095,1
-0.651146837588475,0.492921856473663,1
-0.873936903110441,0.483910878924691,1
-1.05751162626785,0.59394854047029,1
-0.935087783485697,0.347790245004036,1
-1.06889500359388,0.362552496486692,1
-1.17304413640566,0.450934873155046,1
-1.00518399156749,0.503813841846884,1
-0.978214454118106,0.264169875688653,1
-0.82899066446778,0.394123714030212,1
-1.16543333944362,0.364142524700414,1
-0.949191271927772,0.389864221449123,1
-1.02608632871902,0.491578887973099,1
-1.14484328094891,0.375831092765673,1
-1.20855627070512,0.411468320118381,1
-1.26914802862352,0.513030003038042,1
-1.04781649643266,0.399662751141433,1
-1.24528238053295,0.548476344144769,1
-1.15384934105462,0.555398285481634,1
-1.2196057282095,0.550565349496456,1
-1.09456524229781,0.243785037053304,1
-1.36546674153629,0.634798028676636,1
-1.48148093933114,0.273511072199912,1
-1.27195501197314,0.250820731090502,1
-1.21733820541015,0.0978908991734151,1
-1.31987012645104,0.0853024819382742,1
-1.11116719666743,0.149089592553796,1
-1.33618432592489,0.126416996867487,1
-1.34791300661751,0.417490123353058,1
-1.34844574478344,0.433593602588181,1
-1.19626009998421,0.431690577698031,1
-1.40978010206993,0.258506074052084,1
-1.5817375503667,0.221477050150635,1
-1.36291261017636,0.345760893824401,1
-1.45557000565966,0.332274644219207,1
-1.56467062002361,0.0104567295743303,1
-1.48471044423372,0.262414508781287,1
-1.65810908587265,0.0762977379505892,1
-1.53723963529108,0.200902186393868,1
-1.50145736725306,0.0618593035242268,1
-1.46856580341471,0.178394950365157,1
-1.40281781283133,0.114432868762693,1
-1.41604953237869,0.316912678922529,1
-1.21678939331693,0.0640804288738122,1
-1.72610400300843,0.0583059127271821,1
-1.47365369618619,-0.0821786176739235,1
-1.61941592847367,0.410582022972718,1
-1.3993087621819,0.0257585486266829,1
-1.63534764710601,0.00288517942590683,1
-1.69508567559009,-0.0728091527062091,1
-1.51715166856943,0.153821061585105,1
-1.54508856177427,0.249408334868656,1
-1.83229253705274,-0.131854202757102,1
-1.47956145252405,-0.0344972262039252,1
-1.48525596022289,-0.263744149360629,1
-1.66349564120477,-0.0891031342749266,1
-1.78500048017123,-0.0905039982595263,1
-1.70500471449858,-0.275934388844304,1
-1.69146637625462,-0.195727536670872,1
-1.68690302431674,-0.257597450848677,1
-1.62570285524643,-0.0625743112980158,1
-1.50362206272871,-0.298105853204934,1
-1.66410551650028,0.0378971781060423,1
-1.80491050816961,-0.414862651398994,1
-1.59141871087763,-0.174974635109273,1
-1.51719138813094,0.00895069514156139,1
-1.66278215104913,-0.189171891991017,1
-1.92631162688466,-0.449029200802845,1
-1.66330261715708,-0.376814106338946,1
-1.72023315883882,-0.373301116764523,1
-1.91751410409518,-0.248139053830855,1
-1.94636839147987,-0.154419425734607,1
-1.94756093861133,-0.502823589211588,1
-1.72225644826798,-0.507226395029833,1
-1.8832169951955,-0.453156623210395,1
-1.94428829941186,-0.650029971416677,1
-1.76725099172973,-0.410745015209799,1
-1.97403784800573,-0.562736018444689,1
-1.81338653626172,-0.588158406589147,1
-1.61909794215675,-0.723227842206723,1
-1.77012535229267,-0.722693945941172,1
-1.80505907502588,-0.667102325746756,1
-2.04156273978067,-0.682612639530212,1
-1.81414793891758,-0.710255015009354,1
-1.59875341002445,-0.593320699863096,1
-2.1002243370959,-0.622316107375507,1
-1.71346936190737,-0.611523882009049,1
-1.74745765787643,-0.661029891492817,1
-1.52827364005863,-0.776367782841765,1
-1.92270003345889,-0.532858892492968,1
-1.85688677260746,-0.743283798213445,1
-1.76481403310877,-0.524401852078754,1
-1.83347076606933,-0.708918906036066,1
-1.682523704702,-0.889216739515386,1
-1.85375730827758,-1.04575431291192,1
-2.05494600141107,-1.03803773160892,1
-1.91547301903053,-0.985458684761,1
-1.82849404936314,-1.25635277959761,1
-1.85878051614357,-0.800517811426842,1
-1.93758179463414,-0.824658103196521,1
-1.9189821904553,-0.771065431789134,1
-1.89700670430405,-0.963253823173492,1
-1.62970903562025,-1.01247517960512,1
-1.88868358637781,-0.832845724827852,1
-1.81542968780687,-1.04233828623524,1
-1.67769595623281,-0.756881236195496,1
-1.85028197313302,-0.951675701051882,1
-1.72368768056953,-1.09715963724067,1
-1.60439510974821,-1.21644268847069,1
-1.89668124523733,-1.02894089427775,1
-1.88285197687744,-1.01069369937912,1
-1.81454316322479,-1.18292501710974,1
-2.09804960782917,-1.32909840050384,1
-1.58933540658992,-1.03723564557651,1
-1.71883170772621,-1.47411979261396,1
-1.93362207291925,-1.61138849045691,1
-1.78135859974317,-1.07966947074279,1
-1.84384579413746,-1.31459304947849,1
-1.78291567725926,-1.20705945178067,1
-1.7537502329069,-1.50151554186029,1
-1.90997836863487,-1.29055892235111,1
-1.77611616921786,-1.56012560413041,1
-1.59555583885054,-1.39769104203755,1
-1.76626306558142,-1.66513923612969,1
-1.7198762790777,-1.53615133925266,1
-1.4448741795817,-1.61609984231106,1
-1.48011454182481,-1.23680489039905,1
-1.7251006116932,-1.74642678557106,1
-1.62740300181288,-1.71210609971378,1
-1.61320538947635,-1.89025657916274,1
-1.52357235796095,-1.62991693178645,1
-1.89506921029305,-1.57918309875596,1
-1.6217882002905,-1.85501453483665,1
-1.74807222846113,-1.72431793034264,1
-1.57052594763686,-1.77412441684742,1
-1.57250534229751,-1.7620294492369,1
-1.37644134227956,-1.88435200455786,1
-1.76168580150309,-1.89690141734538,1
-1.73592645650496,-2.09649292237617,1
-1.53585284830769,-1.80501072758369,1
-1.5560356410259,-1.91366753600719,1
-1.8474952660695,-1.77205266048382,1
-1.63290109358892,-2.23483814122928,1
-1.66816969423098,-1.86875398591313,1
-1.78059194032888,-2.17302554972311,1
-1.54383785694381,-1.89368043027349,1
-1.57916533316029,-1.93575208380349,1
-1.29271192786323,-1.80516921910443,1
-1.41279558068801,-1.88498316568618,1
-1.34335557091709,-1.86203794316374,1
-1.37580408528175,-2.16992422390404,1
-1.69261740854049,-2.10709686898612,1
-1.51373540032091,-2.33074626084671,1
-1.21738379685576,-2.23893783193646,1
-1.34001604968428,-2.11758612700371,1
-1.50083904942555,-2.11845822848323,1
-1.40529184893451,-2.27762411502444,1
-1.06206894157983,-2.25332686245001,1
-1.27519046356499,-2.60686641010015,1
-1.36688923118233,-2.07487895256399,1
-1.25412548966303,-2.37439495800553,1
-1.07448678592128,-2.2984110285577,1
-1.02257378581281,-2.59486133293422,1
-1.28588173914381,-2.45372658306906,1
-1.40534755722921,-2.46447082033244,1
-1.12760833677516,-2.39647817431812,1
-0.99513951063768,-2.51125215613457,1
-1.2807120319103,-2.67520312791782,1
-1.16725836810232,-2.79980864482093,1
-0.99752393969842,-2.57279752076075,1
-0.886593079811068,-2.31485078737542,1
-1.00073047237978,-2.6026597128321,1
-0.978277557880622,-2.76759972286353,1
-0.890750593701692,-2.4834341179698,1
-0.959498811709078,-2.88121570005335,1
-0.931749345387337,-2.76014636801188,1
-0.893675552100879,-2.65221676070186,1
-0.698543409923571,-2.56212489256735,1
-0.776989564018182,-2.7648404456002,1
-0.690643918651946,-2.60617122686878,1
-0.874608872797819,-2.69722151310283,1
-0.880015813308937,-2.68672742784123,1
-0.45547456990514,-2.93759881498482,1
-0.824999773541677,-2.95403706394015,1
-0.716986870137566,-2.81821122411518,1
-0.718190628003541,-2.73042786194201,1
-0.690424122824856,-2.79932842864534,1
-0.761171663806709,-2.95679353559096,1
-0.64382998638128,-3.0129781156749,1
-0.386541639926158,-2.82537705654295,1
-0.550597699985774,-2.94963539105857,1
-0.544049366926399,-3.19214436389833,1
-0.341610460453316,-2.76009543726366,1
-0.215211982982813,-2.99978971175995,1
-0.537835197201579,-3.07727501950062,1
-0.231508648244623,-2.72699310395081,1
-0.374332737244004,-3.0244871012136,1
-0.108088552115735,-3.12542753681116,1
-0.305005806671085,-3.10834888608392,1
-0.468868017524731,-2.83118340069315,1
-0.104447111039362,-3.16294763469024,1
-0.528119903075448,-2.95121381694648,1
-0.101470640725618,-3.2225619343251,1
-0.213716459636117,-3.13313978241309,1
-0.22410211706395,-3.10253089524979,1
-0.230759080830192,-3.41161510012907,1
-0.203152388897886,-3.22491717251502,1
0.215445785010439,-3.14454824368722,1
0.0392322381991464,-3.10463516367542,1
0.0473967291603057,-3.13615596659114,1
0.0310759306142298,-3.01243586574313,1
0.017686801112152,-3.19950641062985,1
0.189970481423142,-3.49438412848695,1
0.353998965098935,-3.33999818109742,1
0.406205673217254,-3.427152357106,1
0.067245890755308,-3.24505157066654,1
0.155603447987489,-3.04823416242832,1
0.251792617284466,-3.01272772057005,1
0.111472612699577,-3.22374834436946,1
0.54531131109169,-3.30550161995948,1
0.285421554839943,-3.25047786672002,1
0.282265753860358,-3.19554985996048,1
0.49045752652903,-3.30865006199105,1
0.597644857019008,-3.13195609662059,1
0.26358511908583,-3.28107220768616,1
0.310483071996342,-3.46700748673018,1
0.584340289045568,-3.24124470985493,1
0.892022245039111,-3.53881706354435,1
0.591520513814753,-3.31318912875133,1
0.690783087027759,-3.16439250176378,1
0.846973958288819,-3.22618842577788,1
0.658951114416312,-3.35844923100661,1
1.09690034056456,-3.43797748577774,1
0.698546990371014,-3.16711606895544,1
0.973110345819981,-3.31323340336475,1
0.875184012040511,-3.23480361423759,1
1.01239094340617,-3.34321562118511,1
0.962220236591692,-3.34991594162668,1
1.21016180151547,-3.33497055207899,1
1.13828804042284,-3.17727344769573,1
0.948908968916481,-3.26624875289908,1
0.856856101668448,-3.40776233529571,1
1.24484114617253,-3.18674324362554,1
1.27855292945002,-3.17063010013367,1
1.38952209735122,-3.10090340971651,1
1.26222402172307,-3.32840180314471,1
1.16763383884127,-3.28518700517108,1
1.32085816191191,-3.17490237047827,1
1.39511772075971,-3.45574403620877,1
1.35755771648442,-3.26734714858786,1
1.5316498157878,-3.3047873387572,1
1.42595728496082,-3.22135351090623,1
1.4190363276314,-3.28687475871089,1
1.55570814914058,-3.12397434144385,1
1.3997776811817,-3.18312276186836,1
1.66724141617604,-3.2903239135734,1
1.71637754414218,-3.20112556910868,1
1.75702146024421,-3.20430102709833,1
1.9339680640925,-3.17724051053167,1
1.70163866057659,-3.06340390395525,1
1.85658003897073,-3.38386788450333,1
1.84085380886349,-2.89678471091355,1
1.95350900537592,-3.26833757302209,1
1.89498460545773,-3.15849162640156,1
2.03596167014859,-3.38682103539302,1
2.14377496854039,-3.27814905137861,1
2.09223098025294,-3.31483394654574,1
2.23988856089156,-2.90296467799167,1
2.35894220703757,-3.21488531238494,1
2.32861708648978,-3.143398785828,1
2.23194526129257,-2.96516248407247,1
2.35278936530939,-3.02726099222993,1
2.46610562953035,-3.25347731607452,1
2.36037832839593,-3.06045369574597,1
2.46387537397623,-3.18185447936053,1
2.37518942200447,-3.03434827709988,1
2.12995672737738,-2.82036934315334,1
2.30476742053577,-3.11716878186611,1
2.50351972623901,-2.83571316237261,1
2.46639780329713,-2.68744757474099,1
2.56044493035586,-2.97087281194836,1
2.5697541906081,-2.78210421416297,1
2.80444585458928,-2.58579695217773,1
2.76066609709455,-2.67911275965933,1
2.94616734318677,-2.95902669399507,1
2.63796758927957,-3.09213753635215,1
2.73062092194575,-2.95998419038171,1
2.9895517664973,-2.934460859993,1
2.9414825651651,-2.80720488790624,1
3.06270944935695,-2.77370650377015,1
2.76670073162258,-2.83885122712903,1
2.93466741323276,-2.85383107274041,1
2.87286626458672,-2.61327997084232,1
3.10006357151588,-2.59082632070864,1
3.26518575913466,-2.43694056610723,1
2.88927375723491,-2.67805827037888,1
3.14961955118497,-2.56809848882094,1
3.17131671588415,-2.52290759885966,1
3.32608235184582,-2.51756661267302,1
3.25214031990164,-2.54083905662382,1
3.117680116164,-2.43220554849415,1
3.08636861449275,-2.29842727924669,1
3.55802137322182,-2.05743790341944,1
3.27737977622466,-2.13072429203211,1
3.44287701730074,-2.30932477622696,1
3.61535021999309,-2.14893142360666,1
3.3499346925233,-2.44504602821636,1
3.54777819437422,-2.17571676720782,1
3.52751239427192,-2.34776988854859,1
3.73120099879628,-2.19023223093627,1
3.45124072743717,-2.13432351170335,1
3.63731864458708,-1.94584854766332,1
3.5004044842696,-2.09272966972567,1
3.67591531474834,-1.9261432311437,1
3.46604578058305,-1.89982729960248,1
3.51092589965781,-2.18902098779581,1
3.60631786450813,-2.1252656270534,1
3.8571771882484,-1.71433844807437,1
3.631063189374,-1.78386745083957,1
3.77342958649096,-2.05801797349817,1
3.8313246919007,-2.20690701135624,1
3.75708089537704,-1.9810886893161,1
4.02445224649433,-1.98961114797128,1
3.93463539813495,-1.8261910313648,1
3.88492083029672,-1.64460618273053,1
4.11792624167638,-1.77670030970134,1
4.10178086999964,-2.01112882489347,1
4.07252310864746,-1.38956002431225,1
4.10455649497727,-1.60343217917643,1
4.28957726996821,-1.55182914193334,1
4.15389979984109,-1.31493603863057,1
4.20564554123637,-1.40606187825326,1
4.37789035001214,-1.52426670694796,1
4.16134260380085,-1.44657970120271,1
4.41741993614538,-1.57327405108522,1
4.08719377579233,-1.40560739605139,1
4.10510796939709,-1.58233192564371,1
4.49498194969556,-1.4246081276387,1
4.21559873379754,-1.07954011511927,1
4.30926189076142,-1.24156633504294,1
4.10999599550527,-1.3735157309932,1
4.46865492354134,-1.11886483993319,1
4.25609689221868,-1.09878014620289,1
4.21184159885622,-0.854341414315203,1
4.39370247652284,-0.790434053346713,1
4.30540272011883,-0.827811664770245,1
4.46550654729048,-0.967616360968798,1
4.27299758558569,-0.867475947077884,1
4.24368537395358,-0.835608341521461,1
4.45181418520185,-0.925370410651156,1
4.3716383616698,-0.931361161894042,1
4.51845128523283,-0.811766983110645,1
4.82077506972361,-0.649126578652262,1
4.77203595587867,-0.496836368834872,1
4.81275295198468,-0.70088602554577,1
4.34783896093761,-0.516169148794338,1
4.5593953844707,-0.598022851225882,1
4.65562361025977,-0.0335083401387359,1
4.52461617918479,-0.0339789744557614,1
4.76987576311248,-0.589459957874484,1
4.58619861325354,0.0126728354862158,1
4.65211393495195,-0.200473734885248,1
4.54779248331061,0.0387623777891558,1
4.70997347717182,-0.0467581092567134,1
4.68540508039615,0.141910494364089,1
4.52670411148117,-0.0448931632750619,1
4.53632345674879,-0.00674741111704594,1
4.562108253116,0.0334452314621288,1
4.75006450307825,0.337027226497961,1
4.65932464039533,0.23358182073656,1
4.69149392190038,0.234888715747975,1
4.79831730177275,0.312546038535344,1
4.86203344972719,0.479097834260639,1
4.68134783324079,0.304942484572655,1
4.76006104175537,0.287856803989784,1
4.81169930534352,0.670033013541377,1
4.97355657621201,0.459788259056833,1
4.98518301154118,0.608797023685334,1
4.79214988613442,0.806437730082306,1
4.96455956191697,0.699346968197259,1
4.71530171797552,0.797033974814845,1
5.0159406647577,0.634452262341661,1
4.66817685069529,0.973281478233842,1
4.88061958543969,0.927301181825706,1
4.53559313567368,1.1545999497525,1
5.03645895491677,0.80790904175573,1
4.62596652222499,1.01438285437185,1
4.73855166445705,0.9892730597782,1
4.58491319136602,1.35611183380116,1
4.76782462767233,1.1897562083077,1
4.64612837141598,1.27148835110196,1
5.02503264134658,0.941797347870008,1
5.07070449439192,1.30775124410064,1
4.65161788644273,1.32124690254736,1
4.7784026857528,1.44591488698083,1
4.68664859082243,1.42225069546037,1
4.99105427594859,1.39317299876879,1
4.85392617796934,1.87539388513755,1
4.50337691370163,1.89590626150621,1
4.67097797871332,1.74033223149618,1
4.90085422486142,1.67886938879207,1
4.91304951756647,1.95906774702423,1
5.00116943600121,2.00888985850171,1
4.70460108606609,1.91953243374147,1
4.71088143633212,2.04024738062427,1
4.64229330328447,2.03763202993764,1
4.94184060217346,1.69173212478191,1
4.72095525761832,2.1192004276884,1
4.69785615398624,2.32789867757608,1
4.61237460406263,2.28179056940699,1
4.52574215565884,2.42560536963653,1
4.58843788396333,2.43146521417833,1
4.7696225225262,2.54737197914379,1
4.44990754403369,2.39302405222226,1
4.7310145815171,2.33011842468661,1
4.58466988193066,2.3428303213253,1
4.37866819289398,2.61768294603161,1
4.54263783076376,2.7634143639035,1
4.6215530213363,2.6805973828915,1
4.50236356461019,2.74208092990538,1
4.46405464869522,2.87156380369845,1
4.41341522880118,2.81442962763727,1
4.40608161148055,2.98306872910945,1
4.45832540967563,2.94639768860739,1
4.43923883989515,2.93942165419274,1
4.4492351635862,2.98787729238285,1
4.7210322253288,3.00395091225208,1
4.38874669439333,3.12833917827802,1
4.22575476180005,3.22880937178455,1
4.35693313123522,3.43282104458185,1
4.32768349089834,3.20087133957219,1
4.26858019196602,3.23665010948501,1
4.05978306346598,3.49038597335111,1
4.16042355411711,3.26341476756151,1
4.24772412767038,3.2571503891672,1
4.2539917063995,3.53451568647912,1
4.16806243463445,3.47936076103402,1
4.29224139356943,3.3863643752677,1
4.14526483911358,3.58354417221797,1
3.8322174805026,3.57079791008671,1
3.96675235543358,3.83711309430986,1
3.86607393535122,3.65949066847428,1
4.02985364008628,3.79546805261921,1
3.98935952390788,3.94013660347066,1
4.20565515605356,3.93855531436367,1
3.91157163505065,4.00121710441983,1
4.07380194896145,3.60786718782324,1
3.57281824667145,4.15617574192139,1
3.54900038234718,4.08271246791062,1
3.66127620645316,4.22323263055821,1
3.45373226523848,4.17981704975965,1
3.52242661159003,3.99616757469428,1
3.54688889038546,4.19729608559644,1
3.51470554901395,4.37517946988007,1
3.81259961521361,4.6404386102064,1
3.56225331587514,4.27028560535956,1
3.66192326199992,4.25859196141025,1
3.24737606798904,4.83382166366068,1
3.35252674261403,4.38917856309228,1
3.47696316696067,4.49499407211605,1
3.29718983285735,4.41520485393368,1
3.48455187045643,4.69167593721897,1
3.41456841427604,4.77655062387367,1
3.05280183906128,4.5940069321603,1
3.08036401245514,4.57582852404855,1
3.26301124861235,4.56829743697909,1
3.07701412097943,4.80674038972375,1
3.121695971309,5.10428259346639,1
2.9320348569876,4.70082928499833,1
2.71103033031347,4.75722419551579,1
3.17849799109633,4.83776309616248,1
3.15511269653847,4.9167458929153,1
2.76174135408706,4.99933773116586,1
2.82540516582038,4.90500103527437,1
2.71002106255572,5.22836485358022,1
2.59942765195885,4.8769128420428,1
2.91136971949941,5.20058587395653,1
2.55579977963576,5.09220902785353,1
2.42141064155371,5.30183510537264,1
2.44790544484887,5.10969056880417,1
2.54456259752459,5.38067655615203,1
2.31602753473591,5.2646844546218,1
2.34218217198477,5.52064513608358,1
2.29438279560197,5.45725838303732,1
2.19643510030943,5.46160313408677,1
2.2390372432494,5.52773383802279,1
2.18703234877488,5.19735769616295,1
2.01804806730461,5.80807512988128,1
2.13807408996609,5.47966983756463,1
1.86261677769074,5.88714594996636,1
2.0929805282106,5.70146052955752,1
1.71490265238781,5.65499520896725,1
-0.601130479401222,-0.84597905429146,2
-0.507259318525216,-0.632604828713499,2
-0.584178582374872,-0.877901771094067,2
-0.380314494015272,-0.664380804158164,2
-0.632926618833339,-0.890477967126333,2
-0.496682325774956,-0.968363633224816,2
-0.663762104163099,-1.12119020312163,2
-0.2915699242237,-0.764830657048847,2
-0.678206017172116,-0.979293357426376,2
-0.740725828421144,-0.755276205174079,2
-0.402475137067997,-1.0453719030973,2
-0.371994678434023,-0.762061653727091,2
-0.528057691988884,-0.956352963335858,2
-0.647993719708212,-0.989192381724761,2
-0.715835632871254,-1.17217903179742,2
-0.455846674508528,-0.953233768366841,2
-0.585452500343746,-0.884902294782244,2
-0.647395460556995,-0.990832728934107,2
-0.382682146505565,-1.28487764444321,2
-0.322821371724011,-1.05946828686751,2
-0.592294969731439,-1.10815476813685,2
-0.304733913682519,-1.0009576797146,2
-0.271034162937471,-1.21520487103943,2
-0.524972973837325,-1.15066430540466,2
-0.381592622705543,-1.14986383543681,2
-0.490899133045403,-1.37997285424283,2
-0.581763079870669,-1.11054458151123,2
-0.558676668302643,-1.1158553483758,2
-0.559853953790096,-1.07274616797006,2
-0.287966150417479,-0.9745041097842,2
-0.376457787551727,-1.32359346826745,2
-0.468270987239476,-1.44960038916703,2
-0.369550552729638,-1.07161192411431,2
-0.536659071810043,-1.13796525031202,2
-0.213160597608856,-1.17480232156998,2
-0.208770237444991,-1.14396091060291,2
-0.297295788661047,-1.27515056533938,2
-0.260071406731783,-1.28044827366447,2
-0.270764591219926,-1.13180000325864,2
-0.582014049528568,-1.16154918601004,2
-0.0540193586016224,-1.51059119737399,2
-0.315076606630239,-1.46567188723636,2
-0.265773032530723,-1.2829807652968,2
-0.363866461567782,-1.37722425683094,2
-0.279851633095694,-1.49534900246191,2
-0.20392525947107,-1.43182602804701,2
-0.125461641991641,-1.37002105406101,2
-0.0974444512409527,-1.24602821539703,2
-0.256757440958923,-1.51959115011233,2
-0.352002584745617,-1.45714417092738,2
-0.049252077392305,-1.46477199045069,2
0.0515846888705442,-1.34742240858013,2
-0.273279686068808,-1.31891238435231,2
-0.242102787983606,-1.56918483632987,2
0.10970442299886,-1.59612270159396,2
0.149155176335318,-1.42383829703962,2
0.13799021425408,-1.5013465812067,2
-0.10159481424156,-1.72315400316788,2
-0.123940345973404,-1.70269247382977,2
-0.0655591174985038,-1.6557719171771,2
-0.153452583895552,-1.50652907043999,2
0.11434255641619,-1.62191642479654,2
0.0597160693759191,-1.4240805935145,2
0.131478470986532,-1.67942328619453,2
0.148424805378364,-1.67118388794977,2
0.167052057632564,-1.73580996955215,2
0.159823567822584,-1.60288864326754,2
0.291413706244909,-1.75931534084892,2
0.160858341553567,-1.48735421569177,2
0.134319807618864,-1.7850726089201,2
0.226438112189961,-1.61677378217268,2
0.0379725371232554,-1.84702688365443,2
0.203660467505423,-1.78352832750617,2
0.0265104416192496,-1.77249428252579,2
0.312297453426413,-1.69037467981578,2
0.507145619500406,-1.78973006186406,2
0.576925774352603,-1.66894182889742,2
0.185265166855085,-1.81623833332541,2
0.290721540897442,-1.54257812677902,2
0.213867136680188,-1.43779788143953,2
0.322692309581001,-1.92608852505282,2
0.332333462154751,-1.74401245412946,2
0.291671225720654,-1.70103266741368,2
0.277403542303428,-1.92933860210921,2
0.282844750518237,-1.51618995982441,2
0.500396007400594,-1.53348047183458,2
0.649235107664607,-1.72722293333713,2
0.526704089289498,-1.84912270747998,2
0.302142055744272,-1.55835234628,2
0.684730148214814,-1.56808317435226,2
0.352507956081961,-1.79282129697738,2
0.44894447192049,-1.71802564130401,2
0.645368117905493,-1.91009553097114,2
0.661112045780405,-1.89172995480635,2
0.705685604274854,-1.6949643374941,2
0.80308276002918,-1.73651968130315,2
0.669300307358323,-1.86831689759252,2
0.654441044271631,-1.73021863891216,2
0.766985300689333,-1.74687950120402,2
0.514946410271047,-1.77828556044432,2
0.924739173599752,-2.00134686538325,2
1.02343319696553,-1.51801718541107,2
0.665357646751451,-1.82543387763199,2
0.651567784434728,-1.71066628717193,2
0.795522157166697,-1.62359234607775,2
0.899854204759572,-1.78575240470127,2
0.760208228822747,-1.75665431157964,2
0.993964897300376,-1.85381610690274,2
1.05459645179654,-2.00167211066279,2
0.935476815702964,-1.73579048651239,2
1.08994188441019,-2.0251126349868,2
1.15067842356295,-1.83696158555911,2
0.988686131720673,-1.95516601196754,2
1.27518871971772,-1.82428256732366,2
1.14763833204029,-1.70003371553449,2
1.15512069402571,-1.74134361260358,2
1.39721755848885,-1.69735546035169,2
0.915854356586914,-1.52545221993487,2
1.25906154857326,-1.89316422249289,2
1.18823564086107,-1.65807086576185,2
1.38253057173684,-1.70795600838305,2
1.21947532550663,-1.76023186510706,2
1.2398957257772,-1.82036373842164,2
1.10413975788511,-1.66530488742172,2
1.19328049058015,-1.89629428577887,2
1.54378931481834,-1.8708833927182,2
1.63318407893934,-1.98339949618579,2
1.43176123369307,-1.7834118987327,2
1.41452982929978,-1.7528984774884,2
1.41939601807987,-1.74895292125197,2
1.53545616663296,-1.76205855153305,2
1.71994197433739,-1.9303670680317,2
1.63885077255082,-1.92761214422176,2
1.52694667320003,-1.84243808255335,2
1.82441787975765,-1.53220733405826,2
1.55967011594977,-1.61287769361676,2
1.55825897699364,-1.67420304773031,2
1.46061168142737,-1.61983032684429,2
1.8029425999195,-1.51599101633731,2
1.4964058412129,-1.53323710419514,2
1.73266920518628,-1.75913210778646,2
1.70513298309596,-1.7794120768752,2
1.85649681504072,-1.43236969875942,2
1.85080701168504,-1.43085703687271,2
1.55637787097632,-1.44721644976015,2
1.69332493459056,-1.50381629687811,2
1.99964062851725,-1.55422581707825,2
1.8705040066428,-1.66676418745967,2
1.93001439536482,-1.58419648680913,2
1.82442615660089,-1.84440859941532,2
1.88636306792029,-1.30665957645988,2
1.90591292007978,-1.27094376123675,2
2.22928850673291,-1.45096588986159,2
1.89872746086521,-1.24820155089265,2
2.00425465477162,-1.54248407379889,2
2.21357386531294,-1.26937226097138,2
2.20538717169921,-1.40529896512666,2
2.2496638582397,-1.3853674388153,2
1.97970462042513,-1.43892611865614,2
2.01924025813724,-1.42568647752555,2
2.48227025505099,-1.17589071940377,2
2.25633458745299,-1.2696956706953,2
2.10852328834068,-1.14739771959739,2
2.44541601237785,-1.55649097539541,2
2.17074780871104,-1.12515794839146,2
2.27606785842708,-1.24564438907337,2
2.35365234433853,-1.42231569629691,2
2.37780755744806,-1.33109082860159,2
2.17664012997902,-1.25509508967307,2
2.29272279517905,-1.38736057153811,2
2.35086185033607,-1.03009262707696,2
2.32658790780094,-1.42860607006888,2
2.38184835845778,-1.27562338908815,2
2.17051815022888,-1.23449335623213,2
2.43369097967495,-1.38808075621405,2
2.57250006424666,-0.977564826681074,2
2.53677772495367,-0.99802148496929,2
2.53718637199233,-0.950992213945942,2
2.52537583541838,-1.15551077108406,2
2.58049716223744,-1.19016991182738,2
2.60915784835448,-0.78880199017966,2
2.51354042474434,-1.04637323673225,2
2.46271997568761,-1.00922278512922,2
2.56326927270683,-0.830953803574981,2
2.53033825206824,-0.928861698642067,2
2.58384770842058,-0.939959125234293,2
2.62561824921929,-0.819060447033974,2
2.54137503103763,-0.774772848419703,2
2.90726362002182,-0.539225911284965,2
2.6702902365579,-0.802237736400696,2
2.93655536722581,-0.682540068690566,2
2.83860329549328,-0.496039398379836,2
2.60355285915115,-0.764722193956587,2
2.82696752074675,-0.96009332094549,2
2.8034560234429,-0.756989490373272,2
2.8831654753041,-0.485590712017936,2
2.64788208825531,-0.563495521129044,2
2.95010381713216,-0.757332233795521,2
3.04093520072927,-0.592073571796464,2
3.12819457629713,-0.674719390853243,2
3.1229932869054,-0.548696295347024,2
3.05031116412788,-0.566236306358709,2
2.78784584010786,-0.591266906731411,2
2.8370306970442,-0.388543978555087,2
2.88144868275917,-0.373848672867401,2
3.28200080011858,-0.279863382319239,2
3.28253346059668,-0.32703266325618,2
2.81431623159173,-0.05702841159478,2
2.8296700228522,-0.405081501403453,2
3.08477092944593,-0.0802667468652146,2
2.86507389785895,-0.421372025526911,2
2.95789857921054,0.0168845216385022,2
3.14524652194095,-0.00657179666544042,2
3.11588684196137,-0.32091722996456,2
3.14022644017686,-0.107085838002935,2
3.0853550382108,0.0377030860820977,2
3.11253893755629,0.00437729573208276,2
2.92870580156587,-0.0136211272295994,2
3.1299740696941,0.02002156425288,2
2.9478300615829,-0.21725771870754,2
3.13384794339372,0.353738632965314,2
3.19680366009619,0.48277956540334,2
3.11702105282951,0.347294439387299,2
3.24771527018854,0.179788724965828,2
3.32561624822663,0.30883997606993,2
3.19920133852112,0.264249355752104,2
3.19380668192193,0.362085971502671,2
3.44009460639231,0.355617026707862,2
3.1881336689929,0.320874666083687,2
3.48900154138317,0.632479108158582,2
3.35635113812981,0.592569296757202,2
3.21106492351428,0.457423455746046,2
3.13852357883626,0.503043558103786,2
3.28323420761772,0.558209705365023,2
3.10989745655716,0.528979168161572,2
3.21460845743222,0.987350312080424,2
3.13728710786666,0.769658175626338,2
3.44896900617744,0.807813149507658,2
3.25036333698074,0.641048717952213,2
3.12326224306204,0.612753273938041,2
3.20153787370454,0.757097655448457,2
3.30675813163003,0.758485307846234,2
3.26871854954703,0.778594319793101,2
3.18096472326038,0.900191883020119,2
3.49460806522201,0.994396811590856,2
3.24520749178924,1.00639561688932,2
3.06362940277182,1.17865336128604,2
3.2791546594745,1.24177157072755,2
3.28148926048749,0.880944286560958,2
3.25837889281932,1.18504601686976,2
3.38527023717466,1.43803304453834,2
3.59633079135185,1.2889755401278,2
3.36012098987602,1.2560369701108,2
3.00961792448551,1.11170268342663,2
3.26271875026961,1.28387684721022,2
3.42400296766552,1.4771557929304,2
3.42901074929715,1.51278680983613,2
3.23114340958737,1.21618258651959,2
3.07365071793639,1.41873353426337,2
3.38880353743762,1.3974174477004,2
3.18354215101443,1.32256445576114,2
3.27311630579127,1.62473039818294,2
3.00463537585716,1.6246161527651,2
3.4253623312598,1.62783890931855,2
3.2254764186322,1.81761277079259,2
3.43355339329221,1.76055897635385,2
3.04659100853059,1.85001197126361,2
3.05301267489011,1.75990982542723,2
3.19661343841034,1.81471339344335,2
3.28385402113041,1.64903045572629,2
3.18362501863186,1.94564573743017,2
3.38695209529668,1.78414074871636,2
3.26735472137836,1.82397604381302,2
2.92404866049793,1.88497380148566,2
3.18830872802481,1.98209535257527,2
3.31239188666239,1.9781140198575,2
3.13312775923034,2.30266296515406,2
3.36058897014802,2.22693586156558,2
3.29244936903723,2.20803649934173,2
3.08623672752115,2.34876612225712,2
3.31145292042862,2.33636977849086,2
2.86899450401572,2.21265467713766,2
2.98050474472141,2.24831503590437,2
3.21906287560347,2.44592690917532,2
3.05508964271702,2.2231760851529,2
2.83839177710324,2.48423553058429,2
2.72775536866247,2.54385582111327,2
2.95087244056485,2.29647825769011,2
2.79572691292512,2.61414756697775,2
2.89300400194722,2.48382329647912,2
2.81100506918345,2.51276886840282,2
2.91366245016296,2.63747413895645,2
2.83851342517102,2.55066320273646,2
2.93784398159474,2.85000164772626,2
2.55931299172803,2.88982224732879,2
2.72486480039746,2.95057984475782,2
2.56851329469634,2.97985685728605,2
2.75659376586057,3.06452132586194,2
2.42869587150914,2.83903869477526,2
2.82937864200103,3.10701999552663,2
2.56896643210038,3.02197251473126,2
2.47793607585899,3.09028545018479,2
2.58442407956493,3.02899525264472,2
2.52703740262883,3.06436074645762,2
2.77293801192651,2.85445761475285,2
2.50913796572297,3.08344295674792,2
2.34264797265613,3.14999149258106,2
2.50615398584216,3.10148131132915,2
2.39435406501066,3.24180256737874,2
2.42331155776018,3.24980480634775,2
2.19924110571636,3.26175032931459,2
2.35199211415306,3.37883225404426,2
2.41801265357155,3.42255453139622,2
2.13852998406408,3.29965392611689,2
2.47185430731717,3.21376355678232,2
2.31120633889217,3.23176280400542,2
2.31565953058107,3.36396063048529,2
2.15393126884392,3.55403868348785,2
2.26136386251304,3.46029397231353,2
1.95524117618716,3.78300248240878,2
2.0449277999595,3.54568334693159,2
2.11363268065591,3.75568092390344,2
1.95527322834993,3.42425660541661,2
2.24280325055758,3.67290288117784,2
2.37112447468268,3.84123553235774,2
1.90028128526674,3.65559239322416,2
1.98005121668991,3.7518896050916,2
1.66484754503584,3.6309478083635,2
1.71860850193107,3.82759325487325,2
2.05450485641016,3.77352558264294,2
1.6933009913875,3.97306826113263,2
1.83755088224084,3.84377031331111,2
1.80458779515707,3.77068639019044,2
1.51697220698938,4.17402684417093,2
1.63985905841932,3.86442330052926,2
1.60137169177569,4.09476962348254,2
1.79063564537018,4.117630626815,2
1.55346681222244,4.09796004622362,2
1.58310778506956,4.12939172343159,2
1.27611952839654,4.12698927921672,2
1.50124147613295,4.19528936504142,2
1.47754275450866,3.96808084770482,2
1.51758683443142,4.07022597526887,2
1.42680229069427,4.16939140556135,2
1.55565974808371,4.22163795853099,2
1.13954523333597,4.29390380532778,2
1.31514752939282,4.33293859234998,2
1.30629384971472,4.51998705340536,2
1.08770021986154,4.23604396848305,2
1.03066990667892,4.26947582832524,2
0.644233808333252,4.62787184329233,2
1.10975456286738,4.4910461518494,2
0.830026731229275,4.12644103270796,2
0.861632169946605,4.54272980002837,2
0.999200318886165,4.259835920146,2
0.683663556220198,4.65081752649916,2
0.474142863593562,4.50840985526117,2
0.527896806853701,4.45293062272889,2
0.896892239828471,4.42250873497163,2
0.800442902472058,4.35892246531109,2
0.708654874146257,4.60729904857037,2
0.503019652315998,4.56095820871066,2
0.675375115889087,4.4988030270134,2
0.460362562042623,4.63302128315787,2
0.422506733939324,4.5972114628728,2
0.129141164564632,4.56231159458041,2
0.314910360543472,4.69553700079004,2
0.00940210916391765,4.38600007472975,2
0.452393231612114,4.88217655745129,2
0.337152953501585,4.65663843925215,2
0.213861399116083,4.81219693913133,2
-0.0954680278865359,4.84952773529734,2
-0.0340687177577725,4.70504202099526,2
0.16442683892023,4.95165817349847,2
-0.0673582601794711,4.58455294529295,2
-0.219591037603947,4.73188792361837,2
-0.347529308793677,4.82747459480188,2
-0.191738892114642,4.66771434579935,2
-0.346838167947017,4.49919835763943,2
-0.0168156531492699,4.92887481129998,2
-0.416133417685952,4.76369525188805,2
-0.281961243072029,4.85334685382037,2
-0.383989045955366,4.61471354533833,2
-0.450789073653024,4.78688054577672,2
-0.47198832603184,4.89600577662613,2
-0.784370055879461,4.79785420182413,2
-0.770954103821573,4.69923945178219,2
-0.857602792628415,4.91513849068685,2
-0.710735302798134,4.80388002085441,2
-0.968558973624366,4.77161800430097,2
-0.888243027066398,4.52516255566863,2
-0.762378905003477,4.83824561389175,2
-0.921636331783815,4.96869248788506,2
-1.06437816288095,4.56501864929385,2
-0.775124393205676,4.73588155450933,2
-0.979249353884072,4.82317531743305,2
-1.09503327858663,4.72818328601216,2
-0.940245229726321,4.89817321709886,2
-1.08606162587209,4.92562406686664,2
-1.18173390050137,4.65200433924702,2
-1.33516636709269,4.73002022902796,2
-1.29767059916216,4.86605801683855,2
-1.44063650848861,4.61922543203152,2
-1.50809362260211,4.69085329897395,2
-1.23242364762868,4.67453575338241,2
-1.68649666448686,4.71369970556735,2
-1.51581690160499,4.5441378396726,2
-1.57816526381861,4.846837751624,2
-1.87571752019789,4.69374957018918,2
-1.77438953544886,4.50925844478807,2
-1.84347963198032,5.05078631167144,2
-1.94280694771191,4.59832385377492,2
-2.02200632818608,4.50192604346976,2
-1.80640683653708,4.61710792082516,2
-1.87296378663685,4.64678007357598,2
-2.24330531726379,4.96098025267709,2
-2.23862341424859,4.5757154554633,2
-2.12805023345263,4.57442733870895,2
-2.2145673668146,4.4883324638979,2
-2.21824920928514,4.61500224882813,2
-2.24746393718975,4.59961970022764,2
-2.56226395524635,4.44896058137103,2
-2.22368888382397,4.47619595685548,2
-2.3302558436608,4.69149080699194,2
-2.54565701505698,4.79096003688136,2
-2.59572881986283,4.80924439888977,2
-2.79441424216971,4.62128948739328,2
-2.95276349928747,4.27701841606046,2
-2.83184323349553,4.58887060026237,2
-2.60387060417069,4.81932721443073,2
-2.80441969693143,4.64576007677614,2
-2.87327887814307,4.69721456154932,2
-2.95898931649949,4.68614323611432,2
-2.95352088867502,4.6257683053029,2
-2.79605676495596,4.59833729464622,2
-3.32073395485826,4.33107026950009,2
-3.21488399931686,4.17413307094189,2
-3.36338795042433,4.48876079921164,2
-3.22908113101333,4.32316152227906,2
-3.22425938331668,4.13840460665077,2
-3.38444707409792,4.27839443121131,2
-3.63025114016921,4.20690375413771,2
-3.37235189515479,4.03887225713296,2
-3.44088579922917,3.94068787125275,2
-3.27213798547787,4.18010609382168,2
-3.60176429690659,4.16306383137549,2
-3.75999812078217,3.86425941746019,2
-3.6893595016517,3.94090188603185,2
-3.5639052351737,4.16912659053959,2
-3.89124695167743,4.24582094347993,2
-3.71134892641853,3.88191499828915,2
-3.97858924131817,4.06045228277887,2
-3.92284774966825,3.82577512836328,2
-3.78339727355144,3.92514222204619,2
-3.96646293897158,4.00876059247425,2
-3.94144703625878,3.92002076989489,2
-4.21446001505966,3.70883171563175,2
-4.06486305702654,3.8858506582536,2
-4.06111559566287,3.68178428577708,2
-3.99461999123782,3.75688611623038,2
-4.61357735794321,3.41626783330412,2
-4.19285103358923,3.51657310572561,2
-4.23458462594982,3.54644072438077,2
-4.35879934655165,3.54632001861106,2
-4.48606882661865,3.40008843436014,2
-4.69067008625381,3.51036656248057,2
-4.39845879176918,3.37066821586946,2
-4.72598512574385,3.38764623113893,2
-4.79220532551073,3.50770732880555,2
-4.55159196904526,3.26282147205419,2
-4.78420745687539,3.00699444206823,2
-4.58085892556525,2.94396959406716,2
-4.63290533483008,3.01824699790919,2
-4.69470933209153,3.05183643155502,2
-4.98232205807211,3.00828984448147,2
-4.97939150783859,3.03680473740533,2
-4.94257969141011,2.95607292477362,2
-4.92928839292072,2.96335211392192,2
-5.16030582129339,2.86697628748613,2
-5.02400310604838,3.07853704694669,2
-5.37186579383356,2.66351690107987,2
-5.25176233534769,2.50665724141244,2
-5.33120347986686,2.61549172747911,2
-5.02148597253243,2.72273529169181,2
-4.9765335631905,2.85445295751126,2
-5.10533611973753,2.22509340382947,2
-5.41556619659382,2.48635819818039,2
-5.43382170742693,2.56307920417583,2
-5.23230751596707,2.3616822205157,2
-5.14846751653284,2.256427513201,2
-5.54195622284131,2.39342042336912,2
-5.25265063313622,2.35855152480044,2
-5.40259006991217,2.17011512752673,2
-5.50809918739067,2.34270396183295,2
-5.6134071630194,2.11200427860382,2
-5.41559410946235,1.82863383092048,2
-5.80411816377915,2.00111362248721,2
-5.7023776504718,1.82236313381294,2
-5.64928598870004,1.94274128069231,2
-5.60874465128509,2.0424728421097,2
0.79222058177681,-0.450708213570462,3
0.904255181384,-0.457323682957884,3
1.05431536467501,-0.613298055403179,3
0.890157061539628,-0.687749029678226,3
0.799433553579611,-0.511556409995626,3
0.837168631610225,-0.608002646214171,3
0.898936227042303,-0.787641979529985,3
0.72350553462041,-0.412710025915408,3
0.866930600566865,-0.552903256620743,3
0.952621924769209,-0.607408501527114,3
0.97632633102131,-0.495262928033906,3
1.11758869854428,-0.696647209773499,3
1.15598408108582,-0.391337759830096,3
0.89404073216957,-0.376786385079263,3
0.708752624293215,-0.501964026168027,3
0.943668334413884,-0.385409210111127,3
0.827202574717445,-0.713239674224631,3
1.0373786433084,-0.447048342244502,3
1.0384934947931,-0.59741732773165,3
1.11653185990758,-0.49906757101521,3
1.05370929722074,-0.574517860368012,3
1.11732077731772,-0.375691281456618,3
0.970768528615023,-0.445661216876898,3
1.06168426015746,-0.666933264020327,3
0.943921291514819,-0.541025193310771,3
1.19302295847037,-0.373168507062696,3
1.20775855837252,-0.612521032507397,3
1.25317294026587,-0.225076346440417,3
1.32982858565498,-0.454446739842671,3
1.18210037945321,-0.567898309339014,3
1.1129353381091,-0.122961927017318,3
1.46570321996881,-0.376089591344939,3
0.994433869159454,-0.559288893172638,3
1.29125526130074,-0.252705581608659,3
1.35296133108001,-0.537832807406283,3
1.26418739633523,-0.218916793789495,3
1.0336093418941,-0.261164405896419,3
1.28143580008187,-0.376810621750632,3
1.23722914923182,-0.378648622164283,3
1.3505983148411,-0.322938298621306,3
1.34338827578975,-0.27877348014422,3
1.29002126717943,-0.449685322480478,3
1.46299411962122,-0.259014829421617,3
1.40177201363571,-0.181198430995348,3
1.39284368682345,-0.156226718925141,3
1.27352181737237,-0.0315010033679564,3
1.24709213277251,-0.0714264680297483,3
1.59435712709638,-0.154854479072746,3
1.24610058606838,-0.115648410653205,3
1.29470987370163,-0.272197685108961,3
1.55366016677951,-0.304456239409437,3
1.51235180753653,-0.0340137742444277,3
1.59128629550087,-0.0259571783229113,3
1.58772936434234,0.0500474399902522,3
1.64079623508327,-0.0561477631935875,3
1.63841933871406,-0.207150028151777,3
1.50507568480544,0.0760755061767929,3
1.45843920870161,0.066295555184899,3
1.64964674155015,-0.133461064646027,3
1.47336893231705,0.0395892532672666,3
1.67310535853722,0.190983256871945,3
1.46404724483061,-0.0159961226516001,3
1.53072966713141,-0.105659355250675,3
1.53236208289855,-0.0963384918056957,3
1.79295953324679,-0.220591496672658,3
1.86777655143071,0.226688710955911,3
1.6648305694799,0.334024462599315,3
1.60290969558151,0.120280230556312,3
1.64229973761766,0.00548360735675502,3
1.61441794324136,0.0411692114844998,3
1.50739174742762,0.457788367543958,3
2.00072473973546,0.218356680611737,3
1.60212421350381,0.0917049577515249,3
1.64750432288163,0.0460040352207596,3
1.4579663317329,0.113698374811528,3
1.59581707123997,0.349598267052921,3
1.63359437604455,0.0493347428422199,3
1.61976465816629,0.196730306697366,3
1.76892954344881,0.287977231060443,3
1.42525480005599,0.53776354732238,3
1.6191572633035,0.366028989972805,3
1.76330416190967,0.286808763938283,3
2.0089214450298,0.388771001324315,3
1.87601541020816,0.112277451666951,3
1.95062800402972,0.417439714304119,3
1.77326617985595,0.629778547251564,3
1.84082979326699,0.582491745978561,3
1.67486548173493,0.684641531940516,3
1.70287604791054,0.494453314032372,3
1.60190928345177,0.266593138260734,3
1.85987277788967,0.788872075643972,3
1.63211413537078,0.538611043543825,3
1.55470839393251,0.89487760396484,3
1.48671260191054,0.656331578568826,3
1.68713088017504,0.649979423565129,3
1.97560219421456,0.740526594215401,3
1.88234315907056,0.748997432018338,3
1.94201755913069,0.784169900768144,3
1.7301739021338,0.745517118051666,3
1.79758206927001,0.905769681939873,3
1.88689909016399,0.880636983692569,3
1.87208649192623,1.00709757122079,3
1.88374795185088,0.64612952835726,3
1.93699106172965,0.903552393415245,3
2.06335014836859,0.895897322010172,3
1.90287209921795,1.14954315900735,3
1.81218134695943,0.771514540292272,3
1.80143818451991,0.729329431028365,3
1.69364876834333,0.849080513140757,3
1.64152178725817,1.0410374418391,3
1.88658300220299,1.19515362996974,3
1.77121365861611,1.03054378214658,3
2.06283981251795,1.22182714320154,3
1.90718989244616,1.23493798420509,3
1.98161690573162,1.01249780663034,3
1.75073947235109,1.04823728187629,3
1.73976279490104,1.27666102041799,3
1.86992045117019,1.16297506233054,3
1.69964936862177,1.28563733067672,3
1.54255560193309,1.4380117020197,3
1.71963168277372,1.17542852810504,3
2.09269658639373,1.54584961438782,3
1.92490535509119,1.1437838911847,3
1.72862264584096,1.2720775527406,3
1.91423243191371,1.40483542306579,3
1.67443262879291,1.63067853832439,3
1.83702636518381,1.53460715254591,3
1.58244097590311,1.3997596438025,3
1.78678561646667,1.35511453590799,3
1.62791537524997,1.47814363219287,3
1.77711141881026,1.31873907508874,3
1.49649334655568,1.47921484797187,3
1.64916035543931,1.33832123319854,3
1.70878244194627,1.51565671001175,3
2.00572693521892,1.48509100361963,3
1.72692982569924,1.5786292523191,3
1.68506541992504,1.46232754897469,3
1.68047301988084,1.59434887352852,3
1.57296079712265,1.70438243089076,3
1.78524203184027,1.82604217417991,3
1.34243434736344,1.89153779951422,3
1.62151756594417,2.0253703657215,3
1.51948903065324,1.94185111424763,3
1.4039497345111,1.63470095172402,3
1.89901410337066,1.52564364021211,3
1.51480302252263,1.96335956801221,3
1.37316139887164,1.81079430223934,3
1.27349458625928,1.94395154642433,3
1.85624632897864,1.88629403661497,3
1.45714035023702,1.97042868967039,3
1.20103094010468,1.78425954238043,3
1.61004970034128,1.91109791020083,3
1.24378883937228,1.89841351249097,3
1.59127470359681,2.29074106282396,3
1.41487919498089,1.91502875053165,3
1.3653025102464,2.26639724681139,3
1.53419718836783,1.98478350535331,3
1.44751918331138,2.00708718818287,3
1.64624976110373,2.06199212336588,3
1.34408277164252,2.23396552279577,3
1.47122953044618,2.31512139239603,3
1.39862161824537,2.37149452859169,3
1.61307593089896,2.15174797835703,3
1.27105728020948,2.13767797071741,3
1.2095826964769,2.20899753395412,3
1.10336575094829,2.27615000449301,3
1.35627481826799,2.16646818306477,3
1.20934688653394,2.48093039265082,3
1.33693189977576,2.45971069789672,3
1.41026867604412,2.43995559923841,3
1.1937656863157,2.35423524909205,3
1.07897850657183,2.5715298705286,3
1.02514813874839,2.61526993668501,3
1.06325980341363,2.41255984065917,3
1.14149339904068,2.46470548343087,3
0.985941291161608,2.54714495430172,3
0.911585681369013,2.70977595391776,3
0.968434050752577,2.54396447956033,3
1.20977410052789,2.79999138808281,3
1.322515607264,2.47761744266158,3
0.857621361542187,2.63408178078264,3
0.741715816200715,2.53497652518195,3
0.979518764149713,2.74116503589729,3
1.09917779682236,2.59047219136673,3
0.879450930167925,2.66389806780907,3
0.794296097194634,2.55274316447576,3
1.01689550407651,2.69118754158517,3
0.839682700374332,2.57610393071336,3
0.763343267016592,2.81468944255673,3
0.898354771265618,2.87686833448497,3
0.544873174645219,2.93476788353365,3
0.856152491931705,3.06761526428042,3
0.799549837030682,2.92292674369989,3
0.709972072525162,2.66324433865836,3
0.660837873250458,2.76472203141578,3
0.60007357077946,3.020694895272,3
0.448114109076184,3.01160596537421,3
0.519360702335459,2.72961294908404,3
0.636557178965705,2.86979322672218,3
0.558594355287897,2.68908546501477,3
0.58002591131996,2.99181008018078,3
0.516659264674369,3.05004238148365,3
0.575793130389684,2.86008957887214,3
0.336094613253409,2.96839105769827,3
0.681194302692348,2.7360398246021,3
0.215203770997253,2.99525448174413,3
0.110273053266358,3.32298671468668,3
0.25972994193646,2.95928669595667,3
0.329049132161092,2.83734166031279,3
0.425105427642293,2.94426698888538,3
0.317171049479868,3.06075062655396,3
0.127168895774683,2.98727428663075,3
0.067951384486482,3.21394207877901,3
0.270501359386221,3.07628303593819,3
0.171648648432618,3.23076240794286,3
-0.031059698282636,2.99963510641771,3
-0.099550726593988,3.35794056688068,3
-0.20862585438436,3.17652373784164,3
0.0623836881292792,2.93463910014001,3
0.000812368076089205,3.4105699657612,3
-0.358943844815818,2.91116394789724,3
-0.0448389493203187,3.3396092777869,3
-0.194990359149975,3.23776620351234,3
-0.171514421294235,3.37414496209928,3
-0.0339423536597216,3.06083520521555,3
-0.375668381638287,3.28544471442412,3
-0.642921147699862,3.36751916801269,3
-0.394352851422587,3.4489873040625,3
-0.523481949141953,3.48326925900788,3
-0.409004566557168,3.23054085134862,3
-0.334044838445083,3.08864627766732,3
-0.657251214419003,3.15578020274637,3
-0.61670270093078,3.31769456004101,3
-0.42096777287915,3.36309998672454,3
-0.577189289775189,3.19328455739342,3
-0.804774168509559,3.56853118021578,3
-0.56513509396793,3.23007519763189,3
-0.839393920982446,3.29260343005486,3
-0.64409481751441,3.40708472683321,3
-0.498582753294027,3.17472990791229,3
-1.05822820519782,3.34794476126934,3
-0.831937949102387,3.25618404626529,3
-0.849186410202971,3.33545085728782,3
-0.84025185486055,3.04473733680005,3
-0.866247766347618,3.09796996332388,3
-0.914654672699367,3.21609913851965,3
-0.889025737929787,3.34129486721218,3
-1.29172327797333,3.24201154420982,3
-0.957273822288037,3.17575619850207,3
-1.19753317566993,3.34668339788192,3
-1.09772732268542,3.11902050886318,3
-1.26660397785239,3.225531568546,3
-0.995315655645178,3.33525391469104,3
-1.02288356311452,3.45780461936273,3
-1.09253702433613,3.60804819039084,3
-1.40006381686149,3.2162975556055,3
-1.68841883502893,3.14734911240258,3
-1.51950495016443,3.32171603855608,3
-1.67556564984836,3.31535785191934,3
-1.37525104158551,3.22506309491513,3
-1.77632099398089,3.44147208062416,3
-1.76841321386074,3.20249006114384,3
-1.64177842772243,3.06221450408404,3
-1.37616362624789,3.12535504268276,3
-1.52841240004934,3.21316176413352,3
-1.79971532642819,3.31423601972091,3
-1.46572806401777,2.95972985702719,3
-1.85200297889588,3.11398882324028,3
-1.95057168683325,3.3983236728065,3
-2.02268012095841,3.14032789845792,3
-1.9669980524413,3.2427070866691,3
-1.95242221859852,3.01077613663345,3
-1.78794907814149,3.09860699936233,3
-1.65828080394563,3.17799877400616,3
-1.89266645734456,3.16050954809208,3
-1.90944141880153,3.21236738533497,3
-2.27397938586005,3.12825606804125,3
-2.09823752382004,3.21647664409846,3
-2.27397174249568,2.98388812180703,3
-2.10495542735957,3.18293489998922,3
-2.18741281842371,3.23694460834794,3
-2.4805536533196,3.0775698409768,3
-2.35035412439945,3.08744423871036,3
-2.46035571442475,3.02302610683672,3
-2.48329158088061,2.97787602016499,3
-2.53735653010369,3.06421000376043,3
-2.3159438775435,2.97196837232768,3
-2.33656995799875,2.9607910852011,3
-2.3754462996546,2.83480822230389,3
-2.42400830303181,3.04143229473702,3
-2.82991134387683,2.86229991758393,3
-2.91694768592647,2.62684128092753,3
-2.68730523923033,2.78719314235103,3
-2.60463103540173,3.046513761091,3
-2.84384691215362,2.60868496712448,3
-2.80622305274125,2.52375058513026,3
-2.83718986804712,2.7232527577773,3
-2.56532465281701,2.96831727859765,3
-2.80051282121294,2.60482859543105,3
-2.9421382343408,2.75537407492799,3
-2.99663418931459,2.70490247866285,3
-2.95812946313875,2.81841207933448,3
-3.01627145773925,2.66788893481552,3
-3.04288023768807,2.59896524670991,3
-2.86946683094099,2.56614523421188,3
-3.13672744047685,2.32652161361932,3
-3.28463733017302,2.432634603682,3
-3.24588810326079,2.42252063361589,3
-3.14304666670828,2.69604047681177,3
-3.40454476217597,2.65226877735279,3
-3.26297716178389,2.28537198049109,3
-3.17573296002191,2.33950203604468,3
-3.37003546389519,2.45557637460002,3
-3.5105233268013,2.4262863126127,3
-3.55389374264594,2.2991465342706,3
-3.74095541548431,2.20146606665021,3
-3.35789192234303,2.20646945748395,3
-3.55053772535933,2.09270492510787,3
-3.61091406301111,2.32801265739442,3
-3.65550008958653,2.35861971171489,3
-3.59247266284881,2.04085242829921,3
-3.5828619466729,2.10073964938225,3
-3.87337296340684,1.98819965671452,3
-3.54430396359173,2.12718477608651,3
-3.67643046271436,2.02858124902486,3
-3.68216993389747,1.85174335991533,3
-4.10393222353207,2.19144643798661,3
-3.69994370330532,1.74436576317255,3
-3.50631961880037,2.09380107825191,3
-4.03499590436403,2.07633097052764,3
-4.05641276141168,1.70605031260297,3
-4.18134381063443,1.86475016750093,3
-4.11396003382751,1.86382679578235,3
-4.09811055753541,1.71620660879657,3
-3.65722041072795,1.93993120181693,3
-3.89198934508295,1.63235680803581,3
-3.84569203050615,1.58649244731838,3
-3.85213236445058,1.46508848665207,3
-4.34260205494048,1.27571897090337,3
-4.069879930896,1.55532859939075,3
-4.01601542294402,1.10363656679551,3
-3.98872812513949,1.34983780438153,3
-4.26535023278002,1.48418590373432,3
-4.17613099223068,1.36642433215316,3
-4.09074773750644,1.2850212035056,3
-4.3678496457604,1.33070540067057,3
-4.58327406180388,1.02782915932065,3
-4.30394447953117,1.27193510986182,3
-4.07966289957662,1.20987553727441,3
-4.29444935608642,1.03222010606528,3
-4.50378860432805,0.940655587032014,3
-4.35993613473911,1.12588605077522,3
-4.3591211437449,0.925842641022875,3
-4.16562052358714,0.79848603394399,3
-4.52834986383557,0.738682203173835,3
-4.37479257986667,0.745364191577026,3
-4.58620958340141,0.628527609111308,3
-4.54944474730738,0.837403016110449,3
-4.27015757249765,0.799432795362735,3
-4.57392866482124,0.757092152124458,3
-4.34403253047921,0.4409682955459,3
-4.46078460512256,0.504847578846191,3
-4.68698183365671,0.568326031154915,3
-4.42136055700675,0.415266093396544,3
-4.78685975264952,0.630988746945708,3
-4.58888414817656,0.149502059065841,3
-4.45008626236064,0.264067301302942,3
-4.60959429446402,0.172010192268632,3
-4.50818435534629,0.344226268750099,3
-4.49113203792006,0.284715416850316,3
-4.82428306104003,0.0820243247040499,3
-4.90925825607972,0.24335243306442,3
-4.78061027222943,0.247999898409559,3
-4.72951100172484,-0.0236633744990191,3
-4.7690640651032,0.124770804249459,3
-4.68204004906077,-0.271874436488606,3
-4.63959616359283,-0.303781697216985,3
-4.8698029387614,-0.224792187258212,3
-4.78055813069104,-0.191658855339123,3
-4.51249307447072,-0.160953017418194,3
-5.07970724906066,-0.369982744427523,3
-4.61988201589238,-0.330435104916619,3
-5.04215837214988,-0.539336463840183,3
-4.84160764801851,-0.269163748265059,3
-4.93747082010447,-0.618521269038445,3
-4.82880366170099,-0.59232675438529,3
-4.67802887669395,-0.767519506151783,3
-4.75587219616339,-0.639097274583138,3
-4.91420034244908,-0.906585365215001,3
-5.0086525540048,-0.533334167743407,3
-4.54462010460297,-1.18188250332222,3
-4.69711264851826,-1.07058883159194,3
-4.63897991250592,-0.911225128410591,3
-4.97315736255,-0.77492024698688,3
-4.91657268659845,-0.920877521970206,3
-4.77140288006422,-1.10683517590194,3
-4.80034802743452,-1.24415917622264,3
-4.92132170473134,-1.00279297878994,3
-4.57779064314659,-1.00022452950816,3
-4.86558793064115,-1.16500576707252,3
-4.84512978212291,-1.33376030850121,3
-4.74368475309888,-1.25582889484138,3
-4.85931395260311,-1.26531876772228,3
-4.95451620075856,-1.25825264771676,3
-4.81996897082469,-1.38061537245495,3
-4.87342292541714,-1.57018452986395,3
-4.92471188327994,-1.72896893992651,3
-4.65838272859728,-1.80603811046671,3
-4.73315227704819,-1.59910318428902,3
-4.99698554978471,-1.67122197107353,3
-4.64509730725083,-1.97596579259205,3
-4.74031598494542,-1.93311135436662,3
-4.71147260761664,-1.7672870933383,3
-4.49149559260811,-1.95825237948391,3
-4.81288257653669,-2.04907492234626,3
-4.78268766108666,-1.983910598076,3
-4.60678021532559,-2.0492594025387,3
-4.49180623392651,-2.16430237802154,3
-4.77809721674225,-2.17192130239158,3
-4.62540033894667,-2.22344854060969,3
-4.75291523240702,-2.37446765566773,3
-4.55833123139611,-2.61664480898437,3
-4.44308244410166,-2.42360966811795,3
-4.66452851360238,-2.30677869035149,3
-4.82365257250651,-2.27374705257112,3
-4.59366157721637,-2.8125363037135,3
-4.64246191054181,-2.61635529178401,3
-4.45771582107279,-2.6670030736354,3
-4.67094090636107,-2.49974940071399,3
-4.58191710501818,-2.83181169285956,3
-4.52900639086713,-3.19659890861065,3
-4.43819142671984,-3.02252977587718,3
-4.56094803718911,-2.92216638551219,3
-4.32327770608228,-2.75340035361674,3
-4.50000591750318,-2.9711835740395,3
-4.38476607036951,-3.17400484962846,3
-4.4243180216711,-3.07816340824735,3
-4.29142284676917,-3.2244348251648,3
-4.26932287282484,-2.93362973991307,3
-4.24487700069187,-3.25138638032747,3
-3.9851663757056,-3.43480069546342,3
-4.17451706275059,-3.50260151456113,3
-4.02051930434717,-3.38882583619409,3
-3.9757606233721,-3.42076957837992,3
-4.39988026359144,-3.24285547574054,3
-3.97722572210513,-3.77592279927671,3
-3.82135997850405,-3.91659766655591,3
-4.05057582559953,-3.61127124628539,3
-3.98155860888108,-3.74403160859696,3
-4.06707982103919,-3.70802182877612,3
-3.87230291648391,-4.10046746566557,3
-4.03755276700726,-3.98451316046505,3
-3.9125090848741,-3.61490233009968,3
-3.84943518876963,-3.94815721813255,3
-3.83617663651328,-3.72422837435244,3
-3.43415264614686,-4.14821000156169,3
-3.67863092237912,-4.09979289505807,3
-3.80505642271739,-4.25977574366011,3
-3.63205499861838,-3.95204549887705,3
-3.7354465559294,-4.12468188418562,3
-3.65834828949331,-4.33777238877153,3
-3.46008763200401,-4.64643857323848,3
-3.49218194933716,-4.1895832969494,3
-3.51826214202477,-4.3586180175031,3
-3.33058775148462,-4.31037417549303,3
-3.28379642912792,-4.48803192395382,3
-3.29490312208096,-4.72664995176072,3
-3.33231845579405,-4.70561123370479,3
-3.39218826975969,-4.66514087548765,3
-3.28098064338773,-4.73491219589152,3
-3.02950765121189,-4.78255109509743,3
-3.13034199463906,-4.75677261964708,3
-3.25903189374836,-4.68655440581321,3
-3.31447576435054,-4.84341486913442,3
-3.0758712325719,-4.74568591768833,3
-2.96089331964662,-5.0026474558159,3
-2.94701333254586,-4.78582660314011,3
-3.00859901871542,-4.92206999104164,3
-3.05103329464182,-5.0863379073516,3
-2.96819219904962,-5.16575038723652,3
-2.67030019890858,-5.19637962671685,3
-2.80943399950582,-5.34519066941371,3
-2.70495424508458,-5.21109045382656,3
-2.52296334042866,-4.85795366205653,3
-2.75843450283042,-5.06145849180165,3
-2.22539254921944,-5.16039799107864,3
-2.32280724743837,-5.34557200084135,3
-2.58153175515889,-5.55031973325963,3
-2.35459009588842,-5.40870369366065,3
-2.27390567601183,-5.08135757145787,3
-2.3188837385462,-5.6320644365547,3
-2.02506732582475,-5.45406622268115,3
-2.06204199882895,-5.48762848700873,3
-2.30771376245705,-5.4527811078899,3
-2.18160992432746,-5.52700008691765,3
-1.9107779069251,-5.80750509403127,3
-1.85172378151429,-5.71247872746341,3
-1.96688003880654,-5.70040758246347,3
-1.93678782596935,-5.75369613801231,3
-2.01418191671744,-5.51683122739608,3
0.464458359946431,0.954186347611907,4
0.677707493691018,0.725693432912889,4
0.333199752104402,0.883749267229848,4
0.787516012164698,0.819841297098784,4
0.529334098564084,0.922867394428738,4
0.75471859868569,0.6929369449312,4
0.657762336243096,0.719301625000388,4
0.41233917489601,1.10911652445863,4
0.792921353450818,0.82985304179671,4
0.57563990176919,0.819692272848835,4
0.312115498079646,1.05750092622518,4
0.38898127902303,0.952031487822579,4
0.309465143711655,0.697829702859791,4
0.503016876947794,0.993979155309544,4
0.358666337132492,1.24015592417995,4
0.723603574870577,1.13608191012834,4
0.358847684460805,1.13325658834347,4
0.617900985992626,1.22715739616622,4
0.268172247103528,0.829155082250578,4
0.558340870465886,0.948637053737981,4
0.623820277221619,0.996926138267751,4
0.462306885339438,1.06120448878987,4
0.498600332977989,1.31997891501234,4
0.54771669432098,1.18438026395647,4
0.500605542503415,1.18613664954611,4
0.273052770426673,1.15317415717851,4
0.484965387746868,1.36845270878187,4
0.528125431326084,1.34446607561333,4
0.222348097649269,0.941788203007091,4
0.25520634008527,1.32629160823783,4
0.390909734071663,1.44007288231699,4
0.219529664266354,1.16325573306715,4
0.320158305855589,1.25615185865696,4
0.369792654844742,1.25320891129659,4
0.37743502743368,1.47512145109349,4
0.0955286437810996,1.57382342838881,4
0.422057952391385,1.49754132313543,4
0.129944946586866,1.51311711492216,4
0.36961798622996,1.28491589511013,4
0.457261613229691,1.25492069473068,4
0.00548976982901755,1.24601057536903,4
0.449309422761403,1.46315385867223,4
0.229008418557125,1.19660299698515,4
0.0830740572911527,1.15191798455706,4
0.00896280884700779,1.27398588927776,4
0.447113701434936,1.44920960922961,4
0.232276555210482,1.49078241053273,4
0.275592701103668,1.36324840086127,4
0.362396932577223,1.58302065288263,4
0.211085201300811,1.20420492347876,4
0.318298783850238,1.31863197950085,4
0.175847349919692,1.37128353679612,4
0.0468773976884187,1.59512730293967,4
0.366063456515163,1.36323964675327,4
0.111972845313142,1.43256926406545,4
0.2999514865093,1.53836999047645,4
-0.127523696839182,1.59673892782167,4
-0.0972180892067585,1.47840712225162,4
-0.0165866546773595,1.5549599565358,4
0.217510873671628,1.63264376520587,4
0.161505215875361,1.50049015577255,4
-0.123214359709195,1.77780840856637,4
-0.300230922413813,1.42961045494607,4
-0.134508708417859,1.62188682480398,4
-0.237265632568992,1.67960994473652,4
-0.0700553417193473,1.76778248386238,4
-0.168861726903054,1.71167919962447,4
-0.0844806324678243,1.60775358500671,4
-0.222570865708722,1.75095381276462,4
-0.0577262684845756,1.63781358665567,4
-0.0201125442416394,1.89949300616558,4
-0.0701983226673975,1.88071738341712,4
-0.504634366236595,1.5723534319073,4
0.013402962415201,1.6156161714955,4
-0.0245061133578096,1.90104275572313,4
-0.43181194180248,1.67406518083086,4
-0.41505448723458,1.91516324925256,4
-0.39430150670556,1.47173658596372,4
-0.527488316501779,1.64421893020801,4
-0.212961068779829,1.90806073432498,4
-0.433949494964391,1.52212836910879,4
-0.704792764190221,1.91051685095363,4
-0.444794501563171,1.81501771283865,4
-0.489106960436587,1.63140452962898,4
-0.562543939485783,1.63324721963985,4
-0.298817973312578,1.7042557344735,4
-0.441854502191113,2.00181377421075,4
-0.489950625109764,2.03491817280902,4
-0.442170993696865,1.74161885102531,4
-0.388905247634864,1.73008534279283,4
-0.354934043783034,1.96280200936757,4
-0.562053898338189,1.64028713093686,4
-0.534959974532286,1.84078614089874,4
-0.726082387679527,1.58703903281677,4
-0.469453151093756,1.73491388289805,4
-0.726700883740577,1.87163307239706,4
-0.742312095277029,1.82684692454618,4
-0.446942076158417,1.81510911929826,4
-1.00408797772603,1.8866803789024,4
-0.781535057034361,1.77469876991989,4
-0.593329060731378,1.7045056548528,4
-0.622224493326542,1.81704745770118,4
-0.83068306377957,1.77306400552388,4
-0.748400774615429,1.78837550837543,4
-0.589476533065162,1.80228597440443,4
-0.969251537915269,1.82500296845379,4
-1.11399299432767,1.90113295403898,4
-0.924445459528465,1.84064058329568,4
-1.20411892924701,1.93359516932287,4
-0.998136416297355,1.78248539069015,4
-1.08023367963787,1.7161849131772,4
-1.01237450146172,1.75991934327983,4
-1.1058982768443,1.77758013875798,4
-1.21490012165525,2.035624754922,4
-1.18623465053172,1.7340413682748,4
-1.28993137105677,1.96828272136958,4
-1.06054994318943,1.84018774421363,4
-0.911681087479597,1.80902294012816,4
-1.04774765013094,1.64029191377671,4
-1.37057173215782,1.92016389366027,4
-1.42128952010455,1.83697814021227,4
-1.44935093967475,1.96636227184874,4
-1.19380844221371,1.56581950017218,4
-1.48930527021408,1.64540528646016,4
-1.39808174447698,1.66391277003069,4
-1.4673569753593,1.83228134597206,4
-1.25220655045915,1.56364161870928,4
-1.49089084062547,1.74237071373986,4
-1.53292664188403,1.91541215956386,4
-1.47646989814449,1.72240012426725,4
-1.39759318494784,1.80811930350142,4
-1.47730969252611,1.67501259435393,4
-1.53747572628706,1.51233583598822,4
-1.56136327565883,1.77149335003262,4
-1.42841888757658,1.8590157087438,4
-1.51931574806093,1.91717285931387,4
-1.61257444940339,1.72750106450757,4
-1.96478372623355,1.71029055557801,4
-1.76802397726246,1.69572042732776,4
-1.66510629767695,1.76119137854902,4
-1.76491091890759,1.67738942668922,4
-1.81025865597838,1.30123931502141,4
-1.53037974146693,1.49058688469691,4
-1.72749546955527,1.62465707234877,4
-1.55554250505009,1.5918225640477,4
-2.04176799523825,1.37426669390018,4
-2.10309299288809,1.47125583940263,4
-1.91733542121197,1.52987771573243,4
-1.86801745911,1.58676357403164,4
-2.08259177989508,1.57260053285475,4
-1.85496558266844,1.33642069930996,4
-2.03326287479913,1.54770430446767,4
-1.92093337515831,1.39857069276438,4
-1.96120659923954,1.37944688847453,4
-1.88829671159228,1.69659804868676,4
-1.99157918643502,1.42521848707809,4
-1.97808954246949,1.32230030256052,4
-2.10619153962456,1.58168645598654,4
-2.09576637572594,1.48657737648774,4
-2.19727795853576,1.6757258356056,4
-2.14715751010868,1.34944660337078,4
-2.07684236018552,1.24262185515272,4
-2.13511272619422,1.53001223058497,4
-2.39373984776381,1.46355665246392,4
-2.40879165892122,1.27407925207535,4
-2.07322693276709,1.03203189214289,4
-2.2549640577646,1.19476201412797,4
-2.24257239297833,1.31263896408088,4
-2.38363382315443,1.2748156555888,4
-2.41841848685586,1.22473230155093,4
-2.40675598288439,1.02783720439291,4
-2.34403734140582,1.13288096101325,4
-2.53358966390155,1.28674368695657,4
-2.33028858937497,1.0049365877204,4
-2.35677591352897,1.06564744386813,4
-2.62825209350107,1.0906786761049,4
-2.62003674278128,0.974883185384901,4
-2.39106135293002,1.02126458899936,4
-2.65127080280736,1.09108578925528,4
-2.50477481801776,0.911781779874222,4
-2.59768890219683,1.01621130369014,4
-2.81193365997578,0.853397897174897,4
-2.54454063440616,0.742030284175343,4
-2.80242306229601,0.853780184137018,4
-2.78027610817246,0.753812985535405,4
-2.82894462436537,0.846122032370898,4
-2.62092674007739,1.07556586234319,4
-2.67847881547896,1.10434922338263,4
-3.03565011705372,0.767537938537555,4
-2.67836030243064,1.02270451617848,4
-2.96805107612042,1.00295231892624,4
-2.69643874647906,0.659699772927501,4
-2.79506993428683,0.724653247565864,4
-2.75948654063856,0.829310720530861,4
-2.81958955800971,0.559498546001403,4
-2.79965984193936,0.351987484848372,4
-2.67778734600188,0.550803615329412,4
-2.91745238496318,0.652920780321208,4
-2.77442431878005,0.697102926211677,4
-3.13366584830314,0.532531938599047,4
-2.74264534102277,0.525329060298039,4
-2.90187099914833,0.239406760615566,4
-2.81681839560304,0.316239177859037,4
-3.03837268307951,0.42643750799319,4
-2.76476543044817,0.566095543160373,4
-2.89892192696108,0.385464202707883,4
-2.95359559154335,0.275077262134852,4
-3.12009828133085,0.236046592722586,4
-3.04356631084542,0.45009820009793,4
-3.1765209898869,0.209256109333537,4
-3.08091051238452,0.232530752294859,4
-3.24314572342224,0.134284496094883,4
-3.21982091182396,-0.146383757837886,4
-2.98092752545935,0.279997064519525,4
-3.05999796284847,0.143721472492293,4
-2.96996375173273,-0.0380084963238059,4
-3.1554968163831,-0.0710658650723167,4
-3.02351082744951,-0.149031844071008,4
-3.12569721275883,-0.0509020308997053,4
-3.27895595870544,-0.0552447151891458,4
-3.27581302569704,-0.338749005828154,4
-3.37590789581794,-0.247488466460359,4
-3.39679888143349,-0.0658748945185069,4
-3.36523711351823,-0.0305640951073193,4
-3.23881426892389,0.0534518715961751,4
-3.3399522440976,-0.256590787385984,4
-3.31183993783802,-0.0684195242226957,4
-3.50355571033456,-0.34569504925617,4
-3.16725604079376,-0.12379055228341,4
-3.15960244219773,-0.310221471112305,4
-3.25495510846996,-0.401460982747198,4
-3.36133681062918,-0.594002211897767,4
-3.1014093361236,-0.640397370060107,4
-3.04040686293193,-0.370845155212851,4
-3.4894631711828,-0.468313629161389,4
-3.08479292864206,-0.759212781150704,4
-3.05867996209217,-0.605968125726596,4
-3.44908443033921,-0.560266160036937,4
-3.46367634416474,-0.613629820154549,4
-3.17729211919546,-0.533032259068952,4
-3.52188450590079,-0.970873548656097,4
-3.15530432344718,-1.0862383806836,4
-3.12231365842738,-0.62903668522588,4
-3.32561865972038,-1.13221577734129,4
-3.49500288662183,-0.810379976568759,4
-3.19839055447428,-1.13399455984527,4
-3.41024884697259,-0.997089141446794,4
-3.16860671402785,-1.11867445801479,4
-3.26719980841401,-0.959609933595802,4
-3.1218632252349,-1.13638643960252,4
-3.30701028527396,-1.34256155102657,4
-3.29395202899367,-1.22791455007612,4
-3.44146417860267,-1.11992809025714,4
-3.18247157904645,-1.34479818885669,4
-3.1849848514238,-1.24913873139912,4
-3.19969344353234,-1.52663582642555,4
-3.44502031396384,-1.46826023152091,4
-3.17044373125079,-1.55801975053417,4
-3.03949486111842,-1.38304802505292,4
-3.09923306546726,-1.46915755810519,4
-2.97873328223619,-1.49454217800237,4
-3.27087097251271,-1.41819077109595,4
-3.41292376087773,-1.57129109464884,4
-3.35514348932646,-1.35677030574207,4
-3.23423318061461,-1.57693084438319,4
-3.17881436124285,-1.67761888350027,4
-3.0506471080224,-2.0193878527387,4
-3.28567104032105,-1.74011894946896,4
-3.45691247368073,-1.80464282533752,4
-3.00690098260371,-1.79849133410469,4
-3.00840594179103,-1.99493890198205,4
-3.00886724580806,-2.09489967562205,4
-3.04758101711466,-1.90857693472203,4
-2.97563259026142,-2.01697281512068,4
-3.12623894977179,-2.00957829734878,4
-3.26005204668052,-2.02906101136012,4
-3.3596862441435,-2.12966748328113,4
-2.95309719817807,-2.14675590839402,4
-2.98259483582435,-2.16829915609686,4
-3.23545365091818,-2.22731023601111,4
-2.84518125843053,-2.07294212126042,4
-3.04575136516971,-2.14689032181966,4
-3.18781135366716,-2.63207043877671,4
-3.26715409262523,-2.40344055299205,4
-3.19137249432611,-2.22518346101225,4
-2.84873889942974,-2.32490857420972,4
-3.05773074922472,-2.70088556317785,4
-3.12113967550928,-2.44718574020563,4
-2.80283852865929,-2.34304145469503,4
-3.05808428136952,-2.45981007793159,4
-2.56714519277056,-2.6089728218186,4
-2.90863282032462,-2.70697152106954,4
-2.94930556463849,-2.80182530518242,4
-2.82842230727737,-2.54043415697844,4
-2.68460166618068,-2.58461100108232,4
-2.88698094215445,-3.00133494927352,4
-2.82561402730535,-2.78453953264707,4
-2.74879181906472,-2.5499460036257,4
-2.75254887568966,-2.91809950632469,4
-2.677402004614,-3.07615801035542,4
-2.68343449928634,-3.05373299948754,4
-2.81345452431736,-2.96264671569573,4
-2.58427941148626,-2.79705690061246,4
-2.8631421975775,-3.06263104714026,4
-2.46929368176333,-3.18012752621007,4
-2.56884666530698,-3.19743511235509,4
-2.49531318951991,-3.0826824988038,4
-2.42068564533228,-3.22910565509939,4
-2.65782559087161,-3.33271908154258,4
-2.54108535908135,-3.18349817883702,4
-2.41841643359605,-3.46869266765581,4
-2.15595459109265,-3.19343189494452,4
-2.29632520560889,-3.55392663463097,4
-2.29502852317038,-3.28561429899575,4
-2.27466120083599,-3.14114684234141,4
-1.96932570640535,-3.27652946199117,4
-2.25050866134692,-3.53599287149633,4
-2.11638531954565,-3.53417359827223,4
-2.15227799183916,-3.4356868062865,4
-2.01093703388463,-3.79145833686131,4
-1.84181841257353,-3.56557919194681,4
-2.10432263623006,-3.6217654827151,4
-2.1229038402688,-3.62956985087204,4
-2.00233730569186,-3.39711528124978,4
-1.98532029082392,-3.62156917109224,4
-1.72087307827427,-3.79586817387898,4
-1.90029760506505,-3.85096672295378,4
-1.72388042309822,-3.84170529434243,4
-1.94935261933634,-3.93123608720585,4
-2.1044810463414,-3.66584396200972,4
-1.47003975059535,-3.76459546441683,4
-1.77123581524015,-3.65168849596293,4
-1.43233985530531,-4.01145911263463,4
-1.90837378449746,-4.0581632773408,4
-1.66788767859348,-3.90010440078104,4
-1.62463971388451,-3.97672320603822,4
-1.44231706560824,-4.07357663781811,4
-1.56583587481875,-3.98058024712646,4
-1.81110135929584,-4.23587487021269,4
-1.33868248370711,-4.09071768304451,4
-1.3649024839334,-4.28488805783978,4
-1.51644682947619,-3.99258131319102,4
-1.19681668492417,-4.05518008522755,4
-1.0854913265731,-4.27107912715901,4
-1.56893827006914,-4.12283131443961,4
-1.08030212891537,-4.32765438393366,4
-1.23592592538893,-4.07023285803993,4
-1.34818679889602,-4.34986121472579,4
-1.19550829632767,-4.21948334552645,4
-1.35485095526651,-4.37864021368312,4
-0.684528062143872,-4.30940764770373,4
-0.865197107918138,-4.16512777012613,4
-0.98288111204798,-4.47245958378068,4
-1.16839660791886,-4.47417628524976,4
-1.00669852243011,-4.4754006091241,4
-0.543173626709296,-4.35174943335451,4
-0.721065501162349,-4.48558230550125,4
-0.905692291158749,-4.40159060347612,4
-0.658018212322954,-4.50350422132236,4
-0.751800967093124,-4.46660732943041,4
-0.582758171470488,-4.3397936556725,4
-0.70039438742116,-4.57308657789487,4
-0.511137987784072,-4.74075059635449,4
-0.651079097206046,-4.69391250567705,4
-0.51003681106396,-4.52697662011914,4
-0.431803717985543,-4.62673493440988,4
-0.456317031842761,-4.63994242690608,4
-0.287273088789649,-4.42074361239044,4
-0.327268161975262,-4.63988096326384,4
-0.150680911037865,-4.60478124958878,4
0.0263617175133637,-4.81288730131471,4
-0.243903943821876,-4.85520022986776,4
0.0928870288002353,-4.79342525401472,4
-0.0117459596166649,-4.86162276616018,4
-0.0910851644384005,-4.91298812530323,4
0.103201548724977,-4.59399296163541,4
0.308405966188369,-4.61827505626985,4
0.00832273027323965,-4.83702488933028,4
0.153160238639372,-4.91276215426894,4
0.0596626848767031,-4.78638736498812,4
0.519210967716576,-4.88292918058648,4
0.37993420840564,-4.97256237539377,4
0.114059545736264,-4.66864256342787,4
0.40134333952653,-4.66463897764597,4
0.595120250185456,-4.84921837535291,4
0.719219878307539,-4.71580822466503,4
0.713905641024617,-5.0035809455775,4
0.706568795713591,-5.00566970738834,4
0.66589754702616,-4.82115754426398,4
0.592600225928234,-4.97476362805134,4
0.776701966568414,-4.6546287473013,4
0.816880137228925,-4.77939032561779,4
1.02083402433205,-4.70475974943191,4
0.895142122206796,-4.65426548500868,4
0.734454452638411,-4.97570976560948,4
1.10807072011782,-4.9833418403091,4
0.950086728412321,-4.7854069442448,4
1.34316847346752,-4.52362955871878,4
1.02777941646704,-4.79241819406147,4
1.14104075525605,-5.02661822967139,4
1.46899646995175,-4.79733139891802,4
1.46619672081019,-4.74082199633746,4
1.686346802251,-4.8684087040431,4
1.24506627218384,-4.70820847047186,4
1.69299839577844,-4.71534082699261,4
1.71586704714786,-4.68692564581907,4
1.50947271166,-4.63309975711394,4
1.64195188766286,-4.712918553558,4
1.47993952248187,-4.83306809442814,4
1.68441906046374,-4.68564936361351,4
1.86434955511496,-4.49325971647941,4
1.90363047183435,-4.53027273669062,4
1.77202950182004,-4.7414343032784,4
2.1893934966525,-4.77656271007066,4
2.01100451348603,-4.65815697937427,4
2.20974707756911,-4.65317911259285,4
2.12972548974776,-4.60330727510541,4
1.99017467557551,-4.49008702394008,4
2.4407324766719,-4.67489608323278,4
1.90863422543219,-4.89370290950948,4
2.36049844406142,-4.8126654754195,4
2.1975378567592,-4.58042252479316,4
2.38511900871589,-4.57707899921769,4
2.54361063098442,-4.60791966183617,4
2.62901115762909,-4.46392370430948,4
2.7208686890691,-4.29727726515912,4
2.72132930631335,-4.7140598318934,4
2.77493978018458,-4.48948946192459,4
2.74695639357177,-4.45732750162391,4
2.44107079030842,-4.55942761953208,4
3.07408985997986,-4.39187096815617,4
2.85541292246867,-4.55432706446138,4
3.18601626411827,-4.20918160261337,4
2.90754747683618,-4.32259397576935,4
2.86503669664079,-4.48038198181489,4
3.06246779622346,-4.38790265824199,4
3.27382489809913,-4.30969230454589,4
3.36469769885289,-4.26844323360845,4
3.26638645542932,-4.38003732524365,4
3.22402958009228,-4.51817405592824,4
3.25602541234347,-4.13547145895996,4
3.17383834121131,-4.21152602045512,4
3.46873537341446,-4.17665255778494,4
3.65821431188226,-4.00441241662664,4
3.32060830596837,-4.22889835506392,4
3.5951441519694,-3.99761121632799,4
3.56814867578933,-4.00055756868131,4
3.60875641099353,-4.0354027144886,4
3.731889598331,-3.90746099802623,4
3.49161779006188,-4.0689055344365,4
3.98607912993656,-4.08860514774852,4
3.95510853501323,-3.88240637657476,4
4.07668521100321,-3.97229498426984,4
4.00492457634435,-3.84939476215214,4
3.71816365568564,-3.86177452642094,4
3.97359269422345,-3.77846523079539,4
4.3593692007275,-3.75121520630533,4
4.27426955227606,-3.66405943563967,4
4.19754651421237,-3.90721848312283,4
4.17381480615142,-3.6609710191856,4
4.3142537091856,-3.57291719148664,4
4.33966503771927,-3.33954377986599,4
4.59740834192657,-3.67272954606869,4
4.26314954349434,-3.73163961070077,4
4.43340618433404,-3.47243837013017,4
4.75224186017154,-3.06549922993702,4
4.52543498539652,-3.27147835923654,4
4.49102809088901,-3.51544807086683,4
4.32069428632632,-3.49698819200493,4
4.56385096654271,-3.2681941105579,4
5.03418196580042,-3.13831707973425,4
4.66174153173943,-2.92064663246355,4
4.86659375358353,-3.15888945811199,4
4.61880409458942,-3.05431792348084,4
5.07664699361018,-3.1515259060396,4
4.70992548743889,-2.760774300083,4
4.77008034284542,-3.03715233702533,4
5.08128211666214,-2.95550511012795,4
4.99228873642787,-3.11847798126449,4
4.73200562685112,-2.98898106630902,4
5.28999843246992,-2.78654902835407,4
4.9320299849728,-2.64752229112542,4
5.18547807471273,-2.63443188877186,4
5.19589415549989,-2.69628285852913,4
4.84487563977396,-2.58411735470438,4
5.25138107113545,-2.36819917871452,4
5.22486636260529,-2.752846058146,4
5.28657858974616,-2.19697226149176,4
5.25922218617678,-2.45902634986201,4
5.17893897696093,-2.36657217431959,4
5.63917776118819,-2.2020427173971,4
5.21732009876685,-2.26557506534321,4
5.42275195754299,-2.12815335609069,4
5.34108441151534,-2.37396286387978,4
5.62449809077672,-1.91603336086237,4
5.5961929009182,-1.93653502225937,4
5.44730463396239,-1.96106811616631,4
5.90660765236656,-2.06083475390821,4
5.63449799010632,-1.89975009551954,4
5.75031044028801,-1.89452590393585,4
